,자치구명,시설명,기본주소,위도,경도
0,양천구,꿈나무들의둥지지역아동센터,서울특별시 양천구 목동중앙북로8길 104,37.544298850000004,126.86635670700313
1,강북구,송천동지역아동센터,서울특별시 강북구 삼양로20길 53,37.6141836,127.0253355
2,강동구,들꽃청소년지역아동센터,서울특별시 강동구 천중로 39,37.5408198,127.1441083
3,강동구,꿈꾸는땅지역아동센터,서울특별시 강동구 아리수로93나길 90,37.5722495,127.1742641
4,강동구,천호지역아동센터,서울특별시 강동구 구천면로 260,37.5508628,127.1394147
5,동대문구,힘찬지역아동센터,서울특별시 동대문구 장안벚꽃로5길 19,37.58144695,127.07362509756757
6,영등포구,푸른공부방지역아동센터,서울특별시 영등포구 양산로 138-1,37.5258921,126.8897241
7,금천구,한별지역아동센터,서울특별시 금천구 독산로72길 86-11,37.4673555,126.9029789
8,종로구,친구네지역아동센터,서울특별시 종로구 창신길 59,37.5761988,127.0102295
9,금천구,함사람지역아동센터,서울특별시 금천구 금하로11길 17,37.4553336,126.903803
10,강북구,돌산공부방지역아동센터,서울특별시 강북구 솔샘로 272,37.61884125,127.02268551877343
11,동작구,상도푸른지역아동센터,서울특별시 동작구 양녕로28길 35,37.4981252,126.9460127
12,서초구,하나복지지역아동센터,서울특별시 서초구 방배천로18길 20,37.4819626,126.9852857
13,강북구,으뜸지역아동센터,서울특별시 강북구 삼양로 487,37.632879,127.0172684
14,강북구,늘품지역아동센터,서울특별시 강북구 인수봉로77길 7,37.6444531,127.0097798
15,서초구,서초지역아동센터,서울특별시 서초구 방배천로8길 35-3,37.4805036,126.9835517
16,동작구,위더스틴즈지역아동센터,서울특별시 동작구 장승배기로10가길 124,37.5026107,126.9409437
17,동작구,위더스지역아동센터,서울특별시 동작구 장승배기로10가길 1,37.5017655,126.9412117
18,송파구,해밀지역아동센터,서울특별시 송파구 문정로 259,37.50082,127.14214
19,강서구,화곡지역아동센터,서울특별시 강서구 등촌로5길 79,37.5330028,126.8605559
20,강서구,경향지역아동센터,서울특별시 강서구 화곡로63길 19,37.55722245,126.85172438579681
21,성동구,조이스터디,서울특별시 성동구 청계천로10다길 34-14,37.569748,127.0351402
22,양천구,아름드리지역아동센터,서울특별시 양천구 신목로2길 11,37.5232586,126.8771862
23,강서구,큰미래지역아동센터,서울특별시 강서구 공항대로3길 36,37.5624805,126.8102574
24,강서구,위캔지역아동센터,서울특별시 강서구 초록마을로 52-1,37.5439698,126.8470857
25,강서구,꿈나무학교지역아동센터,서울특별시 강서구 가로공원로 214-1,37.5370449,126.8357507
26,관악구,꿈나무공부방 지역아동센터,서울특별시 관악구 난향12길 26,37.4634606,126.9159938
27,강동구,구립고덕2동청소년지역아동센터,서울특별시 강동구 상일로17길 17,37.5589021,127.1699179
28,은평구,보물섬지역아동센터,서울특별시 은평구 갈현로15길 46,37.609695650000006,126.90673720718027
29,중랑구,서울지역아동센터,서울특별시 중랑구 겸재로35길 38,37.5894049,127.0857958
30,금천구,나누리지역아동센터,서울특별시 금천구 금하로23길 40,37.4521653,126.9087052
31,금천구,금천미래지역아동센터,서울특별시 금천구 시흥대로151길 12,37.475801,126.8966764
32,관악구,참좋은 지역아동센터,서울특별시 관악구 난우길 41,37.4760161,126.917619
33,관악구,민영지역아동센터,서울특별시 관악구 난우10길 7,37.4769876,126.920274
34,관악구,양지 지역아동센터,서울특별시 관악구 남부순환로 1682,37.482913,126.9422134
35,양천구,물댄동산목동지역아동센터,서울특별시 양천구 목동남로2길 21,37.5072536,126.8644412
36,성북구,마고네지역아동센터,서울특별시 성북구 성북로8길 65,37.5915303,127.0054742
37,관악구,관악청소년 지역아동센터,서울특별시 관악구 미성길 60,37.4746953,126.9147586
38,관악구,물댄동산난곡 지역아동센터,서울특별시 관악구 난곡로 263,37.4824617,126.9143614
39,강동구,암사지역아동센터,서울특별시 강동구 고덕로27길 28,37.5558389,127.1380381
40,강서구,발음지역아동센터,서울특별시 강서구 강서로47다길 41,37.5509134,126.83420010544329
41,강북구,마을속작은학교,서울특별시 강북구 삼양로118길 33,37.6434437,127.0168077
42,금천구,금나래지역아동센터,서울특별시 금천구 범안로17길 23,37.4674022,126.8937902
43,금천구,독산1동지역아동센터,서울특별시 금천구 벚꽃로 73,37.484532,126.8815705
44,중랑구,참사랑지역아동센터,서울특별시 중랑구 면목로48길 56,37.5820467,127.0909963
45,서대문구,주원지역아동센터,서울특별시 서대문구 홍제원6길 4,37.586151,126.9483517
46,중랑구,참이랑지역아동센터,서울특별시 중랑구 상봉중앙로1길 78,37.5986745,127.0877657
47,은평구,행복한지역아동센터,서울특별시 은평구 연서로 39,37.6155302,126.9182479
48,은평구,공립벧엘지역아동센터,서울특별시 은평구 연서로6길 7,37.6045266,126.9165072
49,은평구,꿈이있는푸른학교지역아동센터,서울특별시 은평구 응암로12길 27,37.5884044,126.9173025
50,은평구,이레지역아동센터,서울특별시 은평구 연서로 35,37.6155302,126.9182479
51,은평구,은광지역아동센터,서울특별시 은평구 녹번로 55,37.6062785,126.9299219
52,은평구,동방지역아동센터,서울특별시 은평구 갈현로 29,37.6231892,126.9166006
53,용산구,생명나무 지역아동센터,서울특별시 용산구 백범로43길 2,0.0,0.0
54,서대문구,신일지역아동센터,서울특별시 서대문구 독립문로8길 107,37.5651593,126.9595177
55,영등포구,쪼물왕국지역아동센터,서울특별시 영등포구 선유로53길 34-14,37.5391099,126.895558
56,관악구,성산교회부설 한우리 지역아동센터,서울특별시 관악구 낙성대역14가길 7,37.47330525,126.96436559781569
57,광진구,행복한지역아동센터,서울특별시 광진구 광나루로37길 43,37.5457324,127.088457
58,관악구,은천 지역아동센터,서울특별시 관악구 관천로 119,37.4824963,126.9275076
59,강동구,밝은미래지역아동센터,서울특별시 강동구 올림픽로98길 25,37.5514346,127.1302599
60,노원구,구립노원청소년지역아동센터,서울특별시 노원구 덕릉로86길 5,37.6600137,127.0762614
61,관악구,꿈마을 지역아동센터,서울특별시 관악구 양녕로 42,37.4824811,126.9464333
62,관악구,비전교실 지역아동센터,서울특별시 관악구 관악로30길 40,37.4879751,126.9617919
63,관악구,꿈둥지지역아동센터,서울특별시 관악구 쑥고개로 71,37.4780732,126.9395428
64,관악구,광동 지역아동센터,서울특별시 관악구 행운2길 31,37.4800041,126.9580467
65,관악구,보라매 지역아동센터,서울특별시 관악구 당곡길 36,37.4910534,126.9284913
66,동대문구,해피아트지역아동센터,서울특별시 동대문구 망우로14가길 28,37.5877082,127.0598781
67,관악구,해성지역아동센터,서울특별시 관악구 관악로 287,37.4911802,126.9563217
68,구로구,그루터기배움터지역아동센터,서울특별시 구로구 고척로21나길 17,37.5019777,126.841139
69,성북구,사랑지역아동센터,서울특별시 성북구 솔샘로 25,37.6124204,127.0060806
70,성북구,동소문행복한 홈스쿨 지역아동센터,서울특별시 성북구 아리랑로7길 11,37.5974287,127.0142143
71,성북구,시습지역아동센터,서울특별시 성북구 보국문로16가길 43-13,37.6127687,127.011748
72,송파구,그린리버지역아동센터,서울특별시 송파구 성내천로 189,37.5071321,127.1362252
73,송파구,아름다운꿈지역아동센터,서울특별시 송파구 마천로 305,37.5015811,127.1414084
74,송파구,꿈꾸는지역아동센터,서울특별시 송파구 동남로 280,37.507355,127.1398464
75,송파구,솔바람지역아동센터,서울특별시 송파구 성내천로 271,37.5071321,127.1362252
76,양천구,겨레얼학교지역아동센터,서울특별시 양천구 가로공원로60길 15,37.5344162,126.82446
77,양천구,다니엘청소년지역아동센터,서울특별시 양천구 곰달래로3길 42-1,37.5318236,126.8327934
78,양천구,사무엘지역아동센터,서울특별시 양천구 남부순환로54길 9,37.5326728,126.8283067
79,영등포구,선유지역아동센터,서울특별시 영등포구 선유로24길 3-3,37.5228567,126.8907646
80,영등포구,디모데지역아동센터,서울특별시 영등포구 영등포로86길 17,37.5116518,126.9230887
81,영등포구,민들레학교지역아동센터,서울특별시 영등포구 버드나루로 14가길 14,0.0,0.0
82,강남구,비젼학교지역아동센터,서울특별시 강남구 일원로3길 38,37.49241,127.08381
83,동작구,선한지역아동센터,서울특별시 동작구 흑석로13마길 1,37.5092607,126.9595604
84,동작구,솔나무지역아동센터,서울특별시 동작구 등용로9길 2,0.0,0.0
85,동대문구,아름다운안암지역아동센터,서울특별시 동대문구 약령시로 12,37.5829191,127.0311047
86,강북구,우리지역아동센터,서울특별시 강북구 오현로31길 21,37.6291627,127.0386799
87,구로구,우신지역아동센터,서울특별시 구로구 오리로 1265,37.5006808,126.8291489
88,서초구,점프지역아동센터,서울특별시 서초구 언남12길 8,37.4740656,127.0457666
89,동작구,젬마지역아동센터,서울특별시 동작구 강남초등8길 20,37.5052573,126.9522027
90,성북구,비전트리지역아동센터,서울특별시 성북구 장월로 28,37.6145132,127.0485792
91,송파구,송파희망세상지역아동센터,서울특별시 송파구 오금로64길 4,37.4920121,127.1474165
92,금천구,드림홈스쿨지역아동센터,서울특별시 금천구 가산로 106,37.4712839,126.902368
93,도봉구,무지개지역아동센터,서울특별시 도봉구 방학로3길 116,37.65907,127.0400648
94,강서구,밝은지역아동센터,서울특별시 강서구 양천로17길 26-2,37.5743425,126.8129068
95,동작구,동작지역아동센터,서울특별시 동작구 국사봉길 18,37.4956957,126.9318077
96,동작구,동화나라지역아동센터,서울특별시 동작구 사당로 164-1,37.4840234,126.9789668
97,금천구,멘토지역아동센터,서울특별시 금천구 독산로40길 26,37.4599373,126.9063295
98,금천구,렘넌트지역아동센터,서울특별시 금천구 독산로 217,37.4490403,126.9059644
99,노원구,하늘품의집지역아동센터,서울특별시 노원구 상계로23다길 33,37.6592259,127.0692869
100,도봉구,베다니지역아동센터,서울특별시 도봉구 우이천로48길 4,37.6550976,127.0189384
101,도봉구,쌍문지역아동센터,서울특별시 도봉구 노해로41길 46,37.6507885,127.0255639
102,동대문구,성복행복한홈스쿨지역아동센터,서울특별시 동대문구 장안벚꽃로 139,37.5801729,127.0760315
103,동대문구,이문꿈지역아동센터,서울특별시 동대문구 이문로 130,37.5951782,127.0593706
104,동작구,아이들의울타리 지역아동센터,서울특별시 동작구 장승배기로20길 8,37.5093431,126.9416082
105,동작구,나눔지역아동센터,서울특별시 동작구 신대방2나길 22,37.4896944,126.913071
106,동작구,흑석지역아동센터,서울특별시 동작구 현충로 111,37.501805,126.9806206
107,동작구,대방지역아동센터,서울특별시 동작구 여의대방로44길 47,37.5087881,126.9252646
108,동작구,신대방동구립지역아동센터,서울특별시 동작구 신대방 1길 42,0.0,0.0
109,마포구,엘림지역아동센터,서울특별시 마포구 방울내로 53,37.5587511,126.9000511
110,마포구,망원무지개지역아동센터,서울특별시 마포구 월드컵로25길 58,37.5559509,126.8967436
111,성동구,라온지역아동센터,서울특별시 성동구 동일로 245,37.5549962,127.0711875
112,성동구,꿈터지역아동센터,서울특별시 성동구 금호로13길 20,37.5543703,127.0192092
113,성동구,응봉지역아동센터,서울특별시 성동구 독서당로60나길 15,37.5489474,127.0310118
114,성북구,정릉 중앙,서울특별시 성북구 정릉로8다길 38,37.607413,126.9974872
115,성북구,장위희망지역아동센터,서울특별시 성북구 장위로15길 48,37.6154682,127.0430709
116,강동구,아름다운지역아동센터,서울특별시 강동구 아리수로94길 19,37.5641379,127.1755333
117,강동구,강일지역아동센터,서울특별시 강동구 상일로 163,37.553051,127.1723493
118,강동구,배움터지역아동센터,서울특별시 강동구 성안로 188,37.5352008,127.1342792
119,강동구,돋움지역아동센터,서울특별시 강동구 동남로81길 82,37.5592972,127.1532704
120,강북구,송중동지역아동센터,서울특별시 강북구 오패산로31길 14,37.6132411,127.0334179
121,강북구,울림사회적협동조합 산지역아동센터,서울특별시 강북구 삼각산로 134,37.6404363,127.0178707
122,강북구,울림사회적협동조합하늘씨앗지역아동센터,서울특별시 강북구 삼양로 246,37.632879,127.0172684
123,강북구,울림사회적협동조합 독립문지역아동센터,서울특별시 강북구 덕릉로 40길 14,0.0,0.0
124,강북구,강북지역아동센터,서울특별시 강북구 삼양로118길 27,37.6434437,127.0168077
125,강서구,함께꿈꾸는지역아동센터,서울특별시 강서구 강서로 56길 96,0.0,0.0
126,광진구,경희지역아동센터,서울특별시 광진구 긴고랑로7길 54,37.5668204,127.0809769
127,구로구,누리지역아동센터,서울특별시 구로구 구로동로8길 31,37.4891959,126.8877638
128,구로구,꿈나래지역아동센터,서울특별시 구로구 고척로6길 29,37.4966928,126.8409079
129,구로구,해피지역아동센터,서울특별시 구로구 고척로 19,37.5026041,126.8466588
130,구로구,메이지역아동센터,서울특별시 구로구 구로중앙로18길 68,37.4955039,126.8912115
131,구로구,은혜지역아동센터,서울특별시 구로구 고척로52길 9,37.5014173,126.8558349
132,금천구,하늘지역아동센터,서울특별시 금천구 문성로 12,37.476210449999996,126.90496342261008
133,금천구,안수인지역아동센터,서울특별시 금천구 시흥대로26길 9,37.441834,126.9059724
134,금천구,금천행복한지역아동센터,서울특별시 금천구 독산로 119,37.4490403,126.9059644
135,금천구,아이들세상지역아동센터,서울특별시 금천구 독산로 190,37.4490403,126.9059644
136,금천구,세림지역아동센터,서울특별시 금천구 금하로 658,37.4502803,126.9130062
137,구로구,푸르미지역아동센터,서울특별시 구로구 경서로 47,37.50323,126.86007
138,금천구,푸른샘지역아동센터,서울특별시 금천구 독산로 24,37.4490403,126.9059644
139,송파구,푸른솔지역아동센터,서울특별시 송파구 풍성로 6,37.5342968,127.1170894
140,광진구,한사랑지역아동센터,서울특별시 광진구 동일로54길 20,37.555354,127.072319
141,동작구,흑석희망지역아동센터,서울특별시 동작구 현충로 111,37.501805,126.9806206
142,성북구,성광지역아동센터,서울특별시 성북구 보국문로16길 87,37.613239,127.0110622
143,동대문구,한마음지역아동센터,서울특별시 동대문구 왕산로45길 31,37.5859664,127.0479791
144,구로구,구로파랑새나눔터공부방지역아동센터,서울특별시 구로구 구로동로38길 32,37.4951381,126.8831541
145,동작구,생각의숲지역아동센터,서울특별시 동작구 성대로29길 60,37.500902,126.9376787
146,성북구,삼성지역아동센터,서울특별시 성북구 동소문로34길 24,37.5984105,127.0220839
147,강북구,울림사회적협동조합 꾸러기지역아동센터,서울특별시 강북구 도봉로 28나길 7,0.0,0.0
148,금천구,오예스지역아동센터,서울특별시 금천구 독산로 64길 50,0.0,0.0
149,노원구,삼정학교지역아동센터,서울특별시 노원구 동일로215길 48,37.6508187,127.0586197
150,강동구,마을학교지역아동센터,서울특별시 강동구 풍성로54길 27,37.5283791,127.1335173
151,송파구,누리미지역아동센터,서울특별시 송파구 성내천로 188,37.5071321,127.1362252
152,송파구,송파열매지역아동센터,서울특별시 송파구 풍성로20길 33,37.5309909,127.1144964
153,강동구,강동꿈나무지역아동센터,서울특별시 강동구 올림픽로89길 27-30,37.546866,127.1254203
154,중랑구,한길지역아동센터,서울특별시 중랑구 동일로110길 37,37.5920834,127.0818069
155,중랑구,중화지역아동센터,서울특별시 중랑구 봉화산로 98,37.60223555,127.0853390498595
156,중구,신당꿈 구립 지역아동센터,서울특별시 중구 다산로21길 23,37.5581094,127.0114622
157,송파구,구립 오금동 지역아동센터,서울특별시 송파구 동남로24길 37,37.4989657,127.1382764
158,광진구,새날지역아동센터,서울특별시 광진구 아차산로26길 22,37.5400966,127.0660889
159,송파구,구립 문정1동 지역아동센터,서울특별시 송파구 송이로32길 22,37.4904134,127.126953
160,강동구,구립성내지역아동센터,서울특별시 강동구 성안로13길 56,37.531775,127.1303397
161,동작구,푸른나무지역아동센터,서울특별시 동작구 흑석한강로 13,37.5025015,126.9643171
162,마포구,마리스타 지역아동센터,서울특별시 마포구 토정로2길 37,37.5453037,126.9126212
163,마포구,지역아동센터 열린공부방,서울특별시 마포구 월드컵북로48길 8,37.5769463,126.8955502
164,마포구,서진 지역아동센터,서울특별시 마포구 새터산길 72,37.567822050000004,126.90773525590265
165,동작구,우리모여지역아동센터,서울특별시 동작구 사당로22나길 69,37.4804797,126.9728538
166,동작구,좋은친구들지역아동센터,서울특별시 동작구 동작대로13길 34,37.482279,126.9800642
167,동작구,샘지역아동센터,서울특별시 동작구 여의대방로22나길 82,37.4962692,126.9219053
168,동작구,작은사랑서울지역아동센터,서울특별시 동작구 대방동6길 21,37.5026344,126.9292133
169,동작구,노량진행복한홈스쿨지역아동센터,서울특별시 동작구 노량진로30길 22,37.5118325,126.9561278
170,동작구,동작이수지역아동센터,서울특별시 동작구 동작대로35차길 7,37.493285,126.9765629
171,동작구,신상도지역아동센터,서울특별시 동작구 양녕로20길 108,37.4934626,126.9436657
172,동대문구,드림지역아동센터,서울특별시 동대문구 휘경로14길 29,37.59467,127.0631871
173,동대문구,구립 동대문 지역아동센터,서울특별시 동대문구 전농로 113,37.5855472,127.0516184
174,동대문구,(사)나누리 나누리지역아동센터,서울특별시 동대문구 전농로17길 7,37.5785742,127.0554919
175,동대문구,꿈사랑방지역아동센터,서울특별시 동대문구 전농로10길 20,37.5781306,127.063583
176,동대문구,행복한지역아동센터,서울특별시 동대문구 외대역동로 75,37.59512475,127.06464145000001
177,동대문구,원광지역아동센터,서울특별시 동대문구 사가정로15길 47,37.5796001,127.0590856
178,동대문구,장안지역아동센터,서울특별시 동대문구 한천로 85,37.5978013,127.0678006
179,동대문구,염광지역아동센터 빛나는집,서울특별시 동대문구 전농로16길 83,37.5782527,127.0601069
180,동대문구,한길지역아동센터,서울특별시 동대문구 외대역동로 101,37.59679145,127.06494905445709
181,도봉구,해맑음한일지역아동센터,서울특별시 도봉구 방학로 57-9,37.6618794,127.0242931
182,도봉구,희망드림지역아동센터,서울특별시 도봉구 도봉로110아길 12,37.6447352,127.0376576
183,도봉구,영광지역아동센터,서울특별시 도봉구 노해로41가길 17,37.6498174,127.0268547
184,도봉구,에듀존도봉지역아동센터,서울특별시 도봉구 해등로 111,37.65762755,127.03334277430051
185,도봉구,창동드림지역아동센터,서울특별시 도봉구 우이천로4다길 32,37.6347032,127.041051
186,도봉구,아름다운 지역아동센터,서울특별시 도봉구 도봉로104길 63,37.6450017,127.0382549
187,도봉구,도서관 속 별난학교 지역아동센터,서울특별시 도봉구 방학로 200-20,37.6618794,127.0242931
188,도봉구,나눔플러스지역아동센터,서울특별시 도봉구 도봉로109길 40,37.6490009,127.0289774
189,도봉구,참솔지역아동센터,서울특별시 도봉구 시루봉로 193,37.6638493,127.0272707
190,도봉구,늘사랑 지역아동센터,서울특별시 도봉구 마들로11길 25,37.6543834,127.0534265
191,도봉구,씨앗지역아동센터,서울특별시 도봉구 도봉로 901,37.66057,127.041903
192,도봉구,도봉지역아동센터,서울특별시 도봉구 도당로19길 68,0.0,0.0
193,도봉구,방학동 지역아동센터,서울특별시 도봉구 시루봉로 88,37.6638493,127.0272707
194,도봉구,샘터지역아동센터(공부방),서울특별시 도봉구 노해로62길 106,37.6497318,127.0375536
195,노원구,구립월계문화지역아동센터,서울특별시 노원구 월계로42길 9,37.6243515,127.0504034
196,구로구,지구촌지역아동센터,서울특별시 구로구 남부순환로 1291,37.500223,126.8472829
197,구로구,영문지역아동센터,서울특별시 구로구 개봉로11길 35-9,37.4873179,126.8523021
198,중랑구,씨앗지역아동센터,서울특별시 중랑구 겸재로 193,37.5865658,127.0792367
199,중랑구,놀이터지역아동센터,서울특별시 중랑구 동일로 880,37.6139172,127.0767503
200,중랑구,파랑새지역아동센터,서울특별시 중랑구 신내로 110,37.6007871,127.0964775
201,중랑구,파란나라지역아동센터,서울특별시 중랑구 면목로 452,37.5822793,127.0886008
202,중랑구,녹색지역아동센터,서울특별시 중랑구 겸재로 78,37.5865658,127.0792367
203,중랑구,열린지역아동센터,서울특별시 중랑구 망우로67가길 11,37.602682349999995,127.10206515472026
204,중랑구,생명강지역아동센터,서울특별시 중랑구 동일로123길 21,37.5997672,127.0739549
205,중랑구,동원지역아동센터,서울특별시 중랑구 면목로56길 38,37.5838949,127.0912496
206,중랑구,동그라미지역아동센터,서울특별시 중랑구 겸재로9길 15,37.5878403,127.0782736
207,중랑구,차오름지역아동센터,서울특별시 중랑구 상봉로 49,37.5957603,127.0929919
208,중랑구,면목지역아동센터,서울특별시 중랑구 면목로33길 79,37.5765988,127.0839111
209,중랑구,마루아라지역아동센터,서울특별시 중랑구 신내로 115,37.6007871,127.0964775
210,중랑구,참좋은지역아동센터,서울특별시 중랑구 용마산로 442-1,37.5731571,127.0857807
211,중랑구,성심지역아동센터,서울특별시 중랑구 용마산로94길 88,37.5897873,127.0981989
212,중랑구,솔로몬지역아동센터,서울특별시 중랑구 망우로 73길 83,0.0,0.0
213,중랑구,만나지역아동센터,서울특별시 중랑구 동일로 620,37.6139172,127.0767503
214,중랑구,즐거운지역아동센터,서울특별시 중랑구 동일로95길 16,37.5848649,127.0779182
215,중구,나비훨훨지역아동센터,서울특별시 중구 다산로 75,37.5629975,127.0153812
216,중구,등대지역아동센터,서울특별시 중구 중림로 10,37.558289,126.9666258
217,종로구,세종지역아동센터,서울특별시 종로구 통일로12길 10-14,37.5767841,126.9621563
218,종로구,한누리아동센터,서울특별시 종로구 통일로12길 16-5,37.5767841,126.9621563
219,종로구,연동지역아동센터,서울특별시 종로구 대학로3길 9,37.5740964,127.0013812
220,종로구,종로지역아동센터,서울특별시 종로구 지봉로13길 82,37.5774224,127.013386
221,종로구,성터지역아동센터,서울특별시 종로구 창신7가길 14-7,37.5752762,127.0095321
222,종로구,마로니에지역아동센터,서울특별시 종로구 이화장길 94,37.579674,127.0050926
223,종로구,중앙지역아동센터,서울특별시 종로구 충신길 22,37.57399835,127.00825779095182
224,종로구,사단법인 공동육아와 공동체교육 해송지역아동센터,서울특별시 종로구 낙산성곽동길 59-10,37.5761006,127.0092326
225,종로구,청암지역아동센터,서울특별시 종로구 창신8길 13,37.5775293,127.0101275
226,종로구,참신나는학교 지역아동센터,서울특별시 종로구 종로53길 7-10,37.5728775,127.0135335
227,은평구,구립오병이어 지역아동센터,서울특별시 은평구 은평로 12길 12-25,0.0,0.0
228,은평구,증산동성산 지역아동센터,서울특별시 은평구 증산서길 90,37.584176049999996,126.90728605000001
229,은평구,광암 지역아동센터,서울특별시 은평구 가좌로7라길 35-4,37.5842324,126.9168474
230,은평구,부림지역아동센터,서울특별시 은평구 연서로37길 51,37.6221623,126.9262183
231,구로구,구로구공립지역아동센터,서울특별시 구로구 천왕로 32,37.4803508,126.8397388
232,구로구,섬기는지역아동센터,서울특별시 구로구 개봉로17아길 51-12,37.4930522,126.8508703
233,구로구,구로행복한지역아동센터,서울특별시 구로구 개봉로15길 42,37.4899149,126.8548922
234,구로구,메리워드 지역아동센터,서울특별시 구로구 고척로 49,37.5026041,126.8466588
235,구로구,구로푸른학교 지역아동센터,서울특별시 구로구 가마산로23길 27,37.4961252,126.8889655
236,구로구,한사랑지역아동센터,서울특별시 구로구 구로동로8길 56,37.4866277,126.8864699
237,구로구,지역아동센터평화만들기,서울특별시 구로구 오리로20길 32,37.4976422,126.8307045
238,구로구,함사람지역아동센터,서울특별시 구로구 경서로 82-14,37.50323,126.86007
239,구로구,새솜 지역아동센터,서울특별시 구로구 새말로16길 70,37.5040615,126.8912431
240,구로구,구로지역아동센터,서울특별시 구로구 도림로 4-3,37.4858998,126.8869459
241,구로구,꿈의학교지역아동센터,서울특별시 구로구 개봉로12길 9-30,37.4876581,126.8567701
242,광진구,새빛지역아동센터,서울특별시 광진구 아차산로 330,37.5451366,127.1043841
243,광진구,어린이나라지역아동센터,서울특별시 광진구 자양로22길 58,37.5396939,127.0857016
244,광진구,중곡지역아동센터,서울특별시 광진구 자양로53길 69,37.5559072,127.090805
245,광진구,희망샘지역아동센터,서울특별시 광진구 긴고랑로 137,37.5621545,127.0833574
246,광진구,진성지역아동센터,서울특별시 광진구 용마산로26길 10,37.5672688,127.0867881
247,광진구,해피엘지역아동센터,서울특별시 광진구 자양번영로 16,37.5316065,127.0752045
248,광진구,꿈나래지역아동센터,서울특별시 광진구 영화사로 9,37.5525116,127.0995989
249,광진구,신양하늘꿈지역아동센터,서울특별시 광진구 동일로 44-10,37.5474892,127.0671604
250,광진구,새움터 지역아동센터,서울특별시 광진구 자양로 71-7,37.550554,127.0912368
251,관악구,우리들의공부방,서울특별시 관악구 남부순환로 1535,37.482913,126.9422134
252,관악구,새숲지역아동센터,서울특별시 관악구 광신길 160,37.4668582,126.9302602
253,관악구,행복한지역아동센터,서울특별시 관악구 법원단지13길 22,37.4746317,126.9209385
254,관악구,청솔지역아동센터,서울특별시 관악구 남부순환로161가길 71,37.4848196,126.9165991
255,관악구,조원지역아동센터,서울특별시 관악구 조원중앙로2길 71,37.481923,126.9114266
256,관악구,드림한누리지역아동센터,서울특별시 관악구 구암길 106,37.4888499,126.9473607
257,관악구,하늘지역아동센터,서울특별시 관악구 신림로 171,37.4858122,126.9291162
258,관악구,아담스지역아동센터,서울특별시 관악구 난곡로20길 17,37.4684017,126.9207352
259,관악구,민들레샘물 지역아동센터,서울특별시 관악구 대학20길 27,37.4647934,126.9377117
260,관악구,열린지역아동센터,서울특별시 관악구 양녕로 31,37.4824811,126.9464333
261,관악구,섬김의집,서울특별시 관악구 신림로 124,37.4858122,126.9291162
262,관악구,난향지역아동센터,서울특별시 관악구 난향7길 1,37.4615071,126.9154673
263,강서구,강서누리지역아동센터,서울특별시 강서구 송정로 32,37.5554126,126.8128665
264,강서구,소은지역아동센터,서울특별시 강서구 방화대로6나길 17,37.55578915,126.81683184637896
265,강서구,방화지역아동센터,서울특별시 강서구 양천로6길 28,37.5707907,126.8074712
266,강서구,한길지역아동센터,서울특별시 강서구 공항대로65길 21,37.5511222,126.8677905
267,강서구,좋은친구청소년지역아동센터,서울특별시 강서구 가로공원로 237,37.5370449,126.8357507
268,강서구,새하늘지역아동센터,서울특별시 강서구 화곡로24길 16,37.5392884,126.8389587
269,강서구,좋은사람들지역아동센터,서울특별시 강서구 화곡로31길 39,37.5444787,126.8404758
270,강서구,솔로몬지역아동센터,서울특별시 강서구 양천로1길 106,37.5742811,126.8074985
271,강서구,람원행복한홈스쿨 지역아동센터,서울특별시 강서구 까치산로 160-5,37.5525451,126.8543222
272,강서구,열린지역아동센터,서울특별시 강서구 초록마을로22길 8-5,37.5378136,126.8491521
273,강서구,성광행복한지역아동센터,서울특별시 강서구 양천로26길 103,37.5729006,126.8183057
274,강북구,나욧지역아동센터,서울특별시 강북구 삼각산로 157,37.6386608,127.0091326
275,강북구,아름다운 땅 지역아동센터,서울특별시 강북구 오현로 194,37.62813,127.03863
276,강북구,희망의집 지역아동센터,서울특별시 강북구 삼양로 280-1,37.632879,127.0172684
277,강북구,강북구 공립지역아동센터,서울특별시 강북구 도봉로96다길 15,37.6400695,127.0330227
278,강북구,동산비젼스쿨지역아동센터,서울특별시 강북구 오현로 10,37.6165225,127.0326216
279,강북구,서라벌아카데미지역아동센터,서울특별시 강북구 삼양로 617,37.632879,127.0172684
280,강북구,삼동지역아동센터,서울특별시 강북구 한천로105길 24,37.6251367,127.0448336
281,강북구,지역아동센터사랑의공부방,서울특별시 강북구 한천로105길 33,37.6251367,127.0448336
282,강동구,구립함께하는지역아동센터,서울특별시 강동구 상일로12길 95,37.5540517,127.1742547
283,강동구,구립길리청소년지역아동센터,서울특별시 강동구 양재대로114길 38,37.5375952,127.1412776
284,강동구,서울중심지역아동센터,서울특별시 강동구 천호대로162길 34,37.53608,127.1296561
285,강동구,오륜레인보우지역아동센터,서울특별시 강동구 강동대로53길 73,37.525568,127.1317124
286,강동구,제일강동지역아동센터,서울특별시 강동구 양재대로128길 53,37.5444639,127.145278
287,강동구,길동지역아동센터,서울특별시 강동구 천호대로187길 30,37.5378721,127.1421032
288,강동구,나래지역아동센터,서울특별시 강동구 천중로53길 21,37.5427601,127.1461466
289,강동구,암사꿈나무지역아동센터,서울특별시 강동구 상암로 89,37.54671,127.15022
290,강동구,명성지역아동센터,서울특별시 강동구 천중로35길 73-7,37.5449125,127.1379748
291,강동구,아름다운행복한홈스쿨지역아동센터,서울특별시 강동구 상암로47길 80-7,37.5499987,127.1459074
292,강동구,구립우등생지역아동센터,서울특별시 강동구 양재대로 1458,37.5660347,127.1346667
293,강동구,소리마을지역아동센터,서울특별시 강동구 구천면로 287-1,37.5508628,127.1394147
294,은평구,풍성한지역아동센터,서울특별시 은평구 은평터널로7길 2,37.5924392,126.9063525
295,은평구,샘지역아동센터,서울특별시 은평구 연서로11길 7-2,37.6085604,126.9131828
296,은평구,맑은지역아동센터,서울특별시 은평구 진흥로9길 8-17,37.6050813,126.9216141
297,은평구,비전스쿨지역아동센터,서울특별시 은평구 가좌로7나길 17,37.58384,126.9203562
298,은평구,구립광현청소년 지역아동센터,서울특별시 은평구 연서로27길 31-7,37.6191265,126.9185005
299,은평구,푸른꿈나무지역아동센터,서울특별시 은평구 불광로 121,37.6109357,126.9295137
300,은평구,동그라미지역아동센터,서울특별시 은평구 갈현로41길 9,37.6243235,126.91623465406278
301,은평구,갈현지역아동센터,서울특별시 은평구 갈현로 282,37.6231892,126.9166006
302,은평구,소망의집지역아동센터,서울특별시 은평구 역말로10길 30-1,0.0,0.0
303,은평구,진관지역아동센터,서울특별시 은평구 진관2로 29-12,37.6344831,126.9170589
304,은평구,비단산지역아동센터,서울특별시 은평구 은평터널로 164,37.5937696,126.9080543
305,은평구,그루터기지역아동센터,서울특별시 은평구 연서로21길 19,37.6156622,126.9156442
306,은평구,은평지역아동센터 열린학교,서울특별시 은평구 은평로 227,37.5980026,126.9107377
307,은평구,조은아이들지역아동센터,서울특별시 은평구 통일로68길 15,37.6135753,126.9305574
308,은평구,광현지역아동센터,서울특별시 은평구 연서로27길 31-7,37.6191265,126.9185005
309,은평구,누리사랑지역아동센터,서울특별시 은평구 증산로 401-18,37.59211985,126.91265302162867
310,용산구,한살림서울생활협동조합 용산지역아동센터,서울특별시 용산구 효창원로94길 23,37.548234,126.9643135
311,용산구,풍성한 지역아동센터,서울특별시 용산구 보광로 54,37.524804,127.0021809
312,용산구,빛나라공부방(지역아동센터),서울특별시 용산구 한강대로104길 41,37.550079,126.9760976
313,용산구,소망을찾는이,서울특별시 용산구 두텁바위로1길 70,37.5458449,126.9740127
314,영등포구,돌봄누리 지역아동센터,서울특별시 영등포구 디지털로69가길 2,37.4940301,126.9038348
315,영등포구,대림2동지역아동센터,서울특별시 영등포구 대림로23길 27,37.493486,126.8991851
316,영등포구,구립푸르름지역아동센터,서울특별시 영등포구 영등포로64길 15,37.513058,126.9159772
317,영등포구,조이드림지역아동센터,서울특별시 영등포구 당산로38길 9-3,37.5284839,126.9000325
318,영등포구,다사랑영등포지역아동센터,서울특별시 영등포구 신길로42길 35,37.5064968,126.9134693
319,영등포구,두날개지역아동센터,서울특별시 영등포구 가마산로 333,37.5041735,126.9217524
320,영등포구,솔로몬지역아동센터,서울특별시 영등포구 양평로30가길 19,37.5425145,126.8906493
321,영등포구,한울지역아동센터,서울특별시 영등포구 가마산로46가길 10,37.5005294,126.8993112
322,영등포구,한믿음지역아동센터,서울특별시 영등포구 대방천로12길 5-2,37.4986909,126.9087623
323,영등포구,사르넬리지역아동센터,서울특별시 영등포구 대림로22길 40,37.4949831,126.9036775
324,영등포구,햇살가득지역아동센터,서울특별시 영등포구 도신로15라길 2,37.5073105,126.8981585
325,영등포구,영등포좋은나무지역아동센터,서울특별시 영등포구 양산로 90-1,37.5258921,126.8897241
326,양천구,기린청소년지역아동센터,서울특별시 양천구 목동중앙본로18길 39,37.541163749999996,126.87121807406143
327,양천구,예람지역아동센터,서울특별시 양천구 화곡로4길 28,37.5371607,126.8291793
328,양천구,섬나지역아동센터,서울특별시 양천구 은행정로 32,37.5228758,126.8595244
329,양천구,드림지역아동센터,서울특별시 양천구 남부순환로61길 13,37.5310258,126.8325499
330,양천구,초록나무학교지역아동센터,서울특별시 양천구 오목로38길 29,37.5229931,126.8564727
331,양천구,우리지역아동센터,서울특별시 양천구 중앙로51길 36,37.524486,126.8476351
332,양천구,옹달샘지역아동센터,서울특별시 양천구 오목로 15,37.5240213,126.8539894
333,양천구,비둘기지역아동센터,서울특별시 양천구 지양로3길 7,37.5187663,126.8366585
334,양천구,암미신월지역아동센터,서울특별시 양천구 가로공원로55길 16,37.5363766,126.8246379
335,양천구,강서성결행복한홈스쿨지역아동센터,서울특별시 양천구 월정로19길 11,37.5294779,126.83696
336,양천구,그리스도의교회지역아동센터,서울특별시 양천구 목동중앙남로 57-7,37.5380757,126.8664826
337,양천구,선한지역아동센터,서울특별시 양천구 목동중앙남로16다길 28,37.5436275,126.8633341
338,양천구,푸른나래지역아동센터,서울특별시 양천구 남부순환로 340,37.5154906,126.8403774
339,양천구,샘물지역아동센터,서울특별시 양천구 목동중앙북로 91,37.5463823,126.8733111931282
340,양천구,한누리학교지역아동센터,서울특별시 양천구 신월로 117,37.5170397,126.8393679
341,양천구,연세지역아동센터,서울특별시 양천구 신월로27길 16,37.5214871,126.8456094
342,송파구,삼전지역아동센터,서울특별시 송파구 삼전로10길 3,37.5042139,127.0971313
343,송파구,도담지역아동센터,서울특별시 송파구 풍성로23길 41,37.5353994,127.1198782
344,송파구,해오름지역아동센터,서울특별시 송파구 백제고분로40길 23,37.503318,127.1066554
345,송파구,새비전지역아동센터,서울특별시 송파구 거마로7길 44,37.4951261,127.1438381
346,송파구,아름다운지역아동센터,서울특별시 송파구 중대로16길 9,37.4953157,127.1259912
347,송파구,기쁨지역아동센터,서울특별시 송파구 송이로34길 55,37.4844314,127.12762278457113
348,송파구,R&T지역아동센터,서울특별시 송파구 중대로36길 17,37.5063866,127.134264
349,송파구,솔빛지역아동센터,서울특별시 송파구 성내천로18길 1,37.4983837,127.1423326
350,성북구,구립종암동꿈나무키우미돌봄센터,서울특별시 성북구 종암로19길 18,37.5982648,127.0306071
351,성북구,구립 석관동 꿈나무키우미 돌봄센터,서울특별시 성북구 한천로79길 14-14,37.6112829,127.0609381
352,성북구,구립 길음동 꿈나무키우미 돌봄센터,서울특별시 성북구 서경로6길 70,37.6066933,127.0186559
353,성북구,푸른하늘 지역아동센터,서울특별시 성북구 화랑로38길 21,0.0,0.0
354,성북구,꿈나래 지역아동센터,서울특별시 성북구 정릉로 282,37.6045338,127.0125468
355,성북구,마가렛 지역아동센터,서울특별시 성북구 성북로23길 22-13,37.5925009,126.9968923
356,성북구,밤골아이네공부방,서울특별시 성북구 화랑로1길 26-3,37.6055697,127.0329227
357,성북구,꿈터 지역아동센터,서울특별시 성북구 삼선교로 54,37.5892308,127.0131998
358,성북구,목자 지역아동센터,서울특별시 성북구 종암로36길 53,37.6064346,127.0326351
359,성북구,큰나무학교 지역아동센터,서울특별시 성북구 보문로30가길 41-6,37.5897052,127.0208554
360,성북구,월곡 지역아동센터,서울특별시 성북구 동소문로42나길 26-15,37.6053105,127.029808
361,성북구,아낌없이 주는 나무 지역아동센터,서울특별시 성북구 종암로14길 12-16,37.5964977,127.0366866
362,성북구,성모의 집,서울특별시 성북구 보국문로29가길 24,37.6155748,127.002938
363,서대문구,나무를심는학교,서울특별시 서대문구 북아현로11가길 18,37.5631121,126.9542292
364,성북구,다솔 지역아동센터,서울특별시 성북구 돌곶이로31길 3,0.0,0.0
365,성북구,장위지역아동센터밀알학교,서울특별시 성북구 돌곶이로 157,37.6165667,127.0507065
366,성동구,무학지역아동센터,서울특별시 성동구 왕십리로31나길 22,37.5631168,127.02748
367,성동구,달마학교 지역아동센터,서울특별시 성동구 성덕정길 58,37.5375978,127.0540982
368,성동구,중동지역아동센터,서울특별시 성동구 서울숲6길 15,37.547576,127.0431547
369,성동구,지역아동센터 도깨비방망이 공부방,서울특별시 성동구 성덕정길 70,37.5375978,127.0540982
370,성동구,성동좋은이웃지역아동센터,서울특별시 성동구 용답중앙길 94,37.563556,127.0531681
371,성동구,숲지역아동센터,서울특별시 성동구 왕십리로21다길 20-9,37.5593903,127.0319703
372,서초구,구립 방배동 지역아동센터,서울특별시 서초구 서초대로 59,37.488985,126.9979099
373,서초구,구립 우면동 지역아동센터,서울특별시 서초구 바우뫼로4길 6,37.4692573,127.0256563
374,서초구,우면지역아동센터,서울특별시 서초구 태봉로 68,37.46433965,127.02539354999999
375,서초구,여의칸지역아동센터,서울특별시 서초구 서초대로 53,37.488985,126.9979099
376,서초구,큰사랑공부방,서울특별시 서초구 방배로13길 29,37.4824706,126.9945487
377,서대문구,새로핌지역아동센터,서울특별시 서대문구 증가로 118,37.5811438,126.9139791
378,서대문구,구립가재울지역아동센터,서울특별시 서대문구 거북골로 195-1,37.5798041,126.9077928
379,서대문구,청소년1318해피존나무를심는학교,서울특별시 서대문구 북아현로14길 55,37.5628466,126.9574413
380,서대문구,다락지역아동센터,서울특별시 서대문구 독립문공원길 95,37.5725716,126.9570351
381,마포구,행복무지개공부방지역아동센터,서울특별시 마포구 성미산로10길 36,37.5589586,126.9150811
382,마포구,옥토지역아동센터,서울특별시 마포구 토정로16길 19,37.5441406,126.9344589
383,마포구,시냇가에심은나무지역아동센터,서울특별시 마포구 새창로4라길 3,37.5407951,126.9516267
384,마포구,성산행복한홈스쿨지역아동센터,서울특별시 마포구 포은로 30,37.5518445,126.9069455
385,마포구,지역아동센터 나눔공부방,서울특별시 마포구 대흥로20길 16,37.550257,126.9445784
386,마포구,옹달샘 지역아동센터,서울특별시 마포구 월드컵로7길 41,37.5519472,126.9077187
387,노원구,구립수락지역아동센터,서울특별시 노원구 동일로242길 77,37.6748845,127.0579053
388,노원구,구립하계지역아동센터,서울특별시 노원구 노원로16길 15,37.6422144,127.0744692
389,노원구,구립한내지혜의숲지역아동센터,서울특별시 노원구 마들로 86,37.63342,127.06108
390,노원구,구립꿈나무지역아동센터,서울특별시 노원구 월계로55길 16,37.63291,127.05964
391,노원구,구립노원1지역아동센터,서울특별시 노원구 월계로55길 16,37.63291,127.05964
392,노원구,공립불암골지역아동센터,서울특별시 노원구 중계로14길 53,37.6496247,127.0819282
393,노원구,구립공릉행복지역아동센터,서울특별시 노원구 동일로179길 22,37.6218148,127.0726435
394,노원구,구립초안산숲속지역아동센터,서울특별시 노원구 덕릉로60길 199,37.6325129,127.043492
395,노원구,구립공릉지역아동센터,서울특별시 노원구 동일로 1127,37.6711927,127.0561147
396,노원구,구립월계지역아동센터,서울특별시 노원구 초안산로1길 51,37.6271355,127.0521689
397,노원구,구립상계숲속지역아동센터,서울특별시 노원구 동일로227길 106,37.66728,127.05394
398,노원구,구립상계3.4동지역아동센터,서울특별시 노원구 덕릉로 859,37.6729272,127.0832564
399,노원구,구립상계1동지역아동센터,서울특별시 노원구 동일로 1697,37.67985835,127.0548906
400,노원구,신나는지역아동센터,서울특별시 노원구 중계로14가길 29,37.6490577,127.0811663
401,노원구,열림지역아동센터,서울특별시 노원구 동일로231다길 6,37.6726613,127.05113
402,노원구,샛별지역아동센터,서울특별시 노원구 동일로237길 92,37.6733643,127.0514676
403,노원구,마음터지역아동센터,서울특별시 노원구 덕릉로 849,37.650218,127.0711283
404,노원구,금빛지역아동센터,서울특별시 노원구 상계로26길 20,37.6581595,127.070676
405,노원구,태릉지역아동센터,서울특별시 노원구 동일로174길 9-4,37.6196035,127.0758177
406,금천구,함께하는사랑밭독산지역아동센터,서울특별시 금천구 문성로 44,37.4769237,126.9091994
407,금천구,CLC희망학교지역아동센터,서울특별시 금천구 시흥대로 306,37.46098005,126.89848574309083
408,금천구,신광지역아동센터,서울특별시 금천구 한내로 69-15,37.4566582,126.8875494
409,금천구,살구지역아동센터,서울특별시 금천구 시흥대로148길 27,37.4750141,126.9008901
410,금천구,금천영재지역아동센터,서울특별시 금천구 시흥대로18길 16,37.4403116,126.9044017
411,금천구,비전지역아동센터,서울특별시 금천구 독산로22길 60,37.4529065,126.9101325
412,금천구,전진상지역아동센터,서울특별시 금천구 탑골로3가길 22,37.4522455,126.9107889
413,금천구,성원미디어스쿨지역아동센터,서울특별시 금천구 독산로74길 31,37.4690188,126.9036381
414,금천구,한사랑지역아동센터,서울특별시 금천구 시흥대로47길 32,37.44988335,126.90029118937073
415,구로구,금강지역아동센터,서울특별시 구로구 고척로52길 98,37.5014173,126.8558349
416,구로구,하모니지역아동센터,서울특별시 구로구 개봉로11길 28-15,37.4873179,126.8523021
417,강남구,LH 행복꿈터 열린마음 지역아동센터,서울특별시 강남구 자곡로3길 22,37.4705072,127.0898211
